Index,Original Label,Predicted Label,Conf_0,Conf_1,Conf_2,Conf_3,Conf_4,Conf_5,Conf_6,Conf_7,Conf_8,Conf_9,Conf_10,Conf_11,Conf_12,Conf_13,Conf_14,Conf_15,Conf_16,Conf_17,Conf_18,Conf_19,Conf_20,Conf_21,Conf_22,Conf_23,Conf_24,Conf_25,Conf_26,Conf_27,Conf_28,Conf_29,Conf_30,Conf_31,Conf_32,Conf_33,Conf_34,Conf_35,Conf_36,Conf_37,Conf_38,Conf_39
0,18,18,5.663643969455734e-05,0.2304101288318634,3.208565658496809e-06,0.002816478256136179,4.2378252018693274e-09,1.053994225230781e-07,2.642618483150727e-06,7.041463686618954e-05,2.779666774532785e-10,1.049553247867152e-06,0.0005852308822795749,2.7294322357818146e-09,2.122318619512953e-06,5.423110565061506e-07,1.3181854228605516e-05,0.0005637570284307003,1.5015571079857182e-06,3.0402027562104195e-08,0.6935636401176453,2.2054135115467943e-05,2.9183912175767546e-08,1.931613496708451e-06,4.703907929837214e-09,2.6882606363187733e-08,1.6192393559322227e-06,4.950923084834358e-06,0.0679265707731247,0.0038430977147072554,8.190674520847097e-07,6.191162782442916e-08,4.46427611677791e-06,1.7369591660099104e-05,9.288771707360866e-08,1.7561227423357195e-06,1.1710001857068164e-09,2.6435058586571358e-08,8.352978329639882e-05,2.0296864988722518e-07,4.090928484856704e-09,5.873221766705683e-07
1,0,0,0.5428576469421387,0.016784433275461197,0.00021951060625724494,0.23725809156894684,0.00042732220026664436,0.002180452924221754,8.545065793441609e-05,0.0008667930378578603,5.5443780411224e-07,0.00011812416778411716,9.687542842584662e-06,0.0014716697623953223,0.025192463770508766,0.0007612104527652264,8.566100291318435e-07,0.05048026889562607,0.00014186678163241595,0.1017867848277092,1.8203856598120183e-05,0.0029708778019994497,1.5251651348080486e-05,7.862093298172113e-06,8.462810910714325e-06,5.0942217058036476e-05,1.7382637452101335e-05,5.847676220582798e-05,0.007743929512798786,9.451177174923941e-05,9.592630703991745e-06,0.002324798610061407,1.264811544388067e-05,0.0027551434468477964,1.5525024537055288e-06,3.4891937161773967e-07,2.995326758536976e-05,1.2367488125164527e-05,5.0293288950342685e-05,0.00023694591072853655,1.17595824633554e-07,0.0029371539130806923
2,5,17,0.004315414000302553,0.00010506401304155588,2.511829052309622e-06,0.01164048258215189,0.001470810268074274,0.08211039006710052,0.00036637383163906634,0.00017540274711791426,7.6492234768466e-08,6.810968898207648e-06,1.7039776139426976e-05,0.00011948716564802453,0.0012905457988381386,9.110229370890011e-07,0.0003153957368340343,0.07054774463176727,6.752470653736964e-06,0.8108148574829102,7.724082934146281e-06,0.00040385808097198606,6.312300797617354e-07,5.500118582801861e-09,2.203596295657917e-06,4.25197504227981e-05,2.597824641270563e-05,1.44048982519962e-07,0.0007064061355777085,1.468770824430976e-05,4.001497744265947e-11,0.000120646865980234,3.918320726370439e-05,0.015015806071460247,4.138239830808743e-07,3.622979916073632e-09,7.108573481673375e-05,4.109898873139173e-05,7.837159365919888e-09,1.2578286259667948e-05,3.1891038421161255e-11,0.00018901586008723825
3,22,22,8.249395614257082e-05,7.557285243819933e-06,0.027379579842090607,0.018869943916797638,0.005684607662260532,0.0005098950350657105,0.0023301136679947376,5.1691782573470846e-05,0.03446723893284798,0.0010328113567084074,0.0005382930976338685,0.028080705553293228,0.03739253059029579,0.028139470145106316,0.000519569672178477,4.250249912729487e-05,0.04400791600346565,0.0014772000722587109,0.0008917308878153563,4.8184381739702076e-05,0.013434378430247307,4.4780543248634785e-05,0.5854955911636353,7.454054866684601e-06,0.00657202722504735,0.08556737750768661,0.0004453810106497258,0.007573379203677177,6.256769847823307e-05,0.0008363956003449857,0.02310790680348873,0.00014764444495085627,2.545700681366725e-06,2.0917041183565743e-05,0.011757724918425083,0.0008279354660771787,0.0008641880704089999,0.029560241848230362,5.264755600364879e-05,0.002064869273453951
4,22,3,1.9982348021585494e-05,5.1692735723918304e-05,0.002130471868440509,0.9253191947937012,0.0001530790323158726,0.0007170066819526255,0.00012267280544620007,0.00012941753084305674,2.6852541850530542e-05,1.8133607227355242e-05,0.010988562367856503,5.558406701311469e-05,0.0035811702255159616,0.005815156269818544,0.00032282492611557245,2.0310711988713592e-05,0.00019545563554856926,0.0007026378298178315,0.005225346423685551,8.686510409461334e-05,0.00018198759062215686,6.80319018897535e-08,0.0022656593937426805,8.28527646490329e-08,0.0012879439163953066,0.019312936812639236,0.0008933215867727995,0.007503710221499205,3.2251637094304897e-07,3.6627196095651016e-05,3.307174119981937e-05,0.00011132563668070361,1.8509699373225885e-07,1.4741317500011064e-06,0.00049831677461043,6.24604990662192e-06,0.00033329121652059257,0.011666215024888515,4.827454063160985e-07,0.0001842599594965577
5,27,18,1.3247401966509642e-06,0.0047071767039597034,3.570817170839291e-06,0.04204946383833885,3.1870217753748875e-06,3.66497588402126e-05,0.001212699105963111,2.966182364616543e-05,3.4410629012882055e-08,1.5864410443100496e-06,0.006655449979007244,5.456916341017859e-08,1.8032916386800935e-06,5.982297807349823e-06,0.017915602773427963,0.00019763113232329488,2.1686199033865705e-05,1.1288412906651502e-06,0.7241616249084473,4.4626170847550384e-07,8.667957729358022e-08,2.2771544649913267e-09,1.63043910106353e-06,1.3917902386140213e-08,0.00037127899122424424,7.773817924316972e-05,0.09529456496238708,0.0982503667473793,3.208680265931463e-10,7.039386673568515e-07,0.0018363007111474872,0.007052147760987282,4.885554858446994e-07,9.885661711450666e-05,4.5779678714552574e-08,1.6918367009566282e-06,4.943156454828568e-06,1.7920382333613816e-06,6.335267244139686e-08,5.521033017430454e-07
6,16,16,0.00030236117891035974,1.7054151868478584e-08,8.111687930068001e-05,1.05507432124341e-07,1.0596644273164202e-07,2.8075957558826303e-08,1.3274431012177956e-06,1.0307293685229979e-08,6.811932689743116e-05,4.729124339064583e-05,2.023774925419275e-08,0.00019173513283021748,7.330210792133585e-06,4.820845234121407e-08,3.907635548472399e-09,5.320307536749169e-07,0.9712347388267517,1.3429610312698514e-08,1.3532772236146684e-08,2.714843638784714e-08,0.0013975759502500296,0.0026343537028878927,3.4925869840662926e-06,0.004367058165371418,1.7942822339023223e-08,5.309893822413869e-06,5.274229497587157e-09,2.430630274830037e-07,0.018030472099781036,3.3411640742997406e-07,4.378824814921245e-05,1.0829180219218415e-08,0.0004906762042082846,1.4143919315756648e-06,0.0007899795309640467,1.97386798390653e-05,2.0949866666342132e-05,1.029291411214217e-06,0.0002573330421000719,1.2062416772096185e-06
7,18,18,4.3545831431401893e-05,0.1903257668018341,0.00035786230000667274,0.004588837269693613,4.171095042693196e-06,1.1236584214202594e-05,0.00023014775069896132,5.6099885114235803e-05,4.798577606379695e-07,1.3414678505796473e-05,0.0017526233568787575,3.2048064895207062e-06,4.3647152779158205e-05,7.401887705782428e-05,0.0003812071809079498,0.0009346000733785331,5.8030247600981966e-05,8.587645424995571e-06,0.725586473941803,0.00011123773583676666,1.0612794540065806e-05,6.393063085852191e-05,2.7371668238629354e-06,4.271318800874724e-07,0.00018284398538526148,0.00031455501448363066,0.05319921672344208,0.014699533581733704,2.3086963665264193e-06,3.980728251917753e-06,0.0026891438756138086,0.0014247389044612646,8.251438885054085e-06,0.00028230148018337786,6.397072866093367e-06,2.247983729830594e-06,0.002446793019771576,1.0834866770892404e-05,2.573523715909687e-06,6.148851389298216e-05
8,31,31,8.716745583114971e-07,0.38406631350517273,1.2431787543842887e-10,3.0617788979725447e-06,9.857989091699437e-09,3.259749803419254e-08,0.0005207990761846304,1.9879114461218705e-06,6.224266182352405e-15,2.1434995705477133e-12,1.990584451050381e-06,1.6736927815896863e-11,5.943440878342088e-11,3.7605210612134954e-10,0.00024369993479922414,3.212504225302837e-06,7.372227273094722e-10,8.96994312160615e-10,0.04555616155266762,4.723027746678099e-09,1.9444036224863792e-12,8.177233334905054e-10,5.129078585464075e-12,6.0280447300442574e-09,7.660393430697354e-10,4.9064084350902704e-08,1.260024873772636e-05,8.632928256702144e-06,2.413431867548388e-13,4.262813713129532e-10,3.2999462291627424e-06,0.5695756077766418,1.9685241170463996e-07,1.4725009123139898e-06,7.838832014051e-12,1.0768640201774815e-08,1.2062582044336523e-08,5.060911065224438e-11,4.0159184571536555e-13,3.076181254169086e-10
9,35,35,2.2615479622345447e-07,7.246950417538756e-08,4.893168092934275e-09,1.825346629402702e-08,4.071114744874649e-06,3.2850100524228765e-06,4.717909905593842e-05,1.1021793255849843e-08,1.7218114578554378e-07,1.882104250228167e-08,4.338101291523344e-07,7.327171314130965e-09,5.33594546325844e-09,5.891694684206916e-12,0.0018160928739234805,8.029570017242804e-05,3.437570558162406e-05,8.504365545114467e-10,5.050883373769466e-07,1.9448028965030062e-08,5.577323047845084e-09,1.1836612801019442e-09,1.4070092646534249e-08,0.00011127453035442159,1.0517074855442843e-07,6.194053048247383e-10,1.994932929960669e-08,2.4624430272623954e-10,6.838935667774493e-11,2.0387901145113574e-07,0.0002721566997934133,2.2386093689874542e-07,2.5884972387757443e-07,1.4184416841089842e-07,9.092985919778585e-07,0.9976279139518738,1.4121792927743182e-12,3.700952877494501e-10,1.4868103276333144e-11,4.954153087766144e-09
10,12,2,0.0729454830288887,5.909864557906985e-05,0.3738444447517395,0.01648775301873684,0.00021874804224353284,0.001499426201917231,0.004527872893959284,1.6970124079307425e-06,0.00010051494609797373,0.0007648710161447525,1.803908844522084e-08,0.26907819509506226,0.12898549437522888,1.8190936316386797e-05,1.9351392666067113e-07,0.02837061695754528,0.023221421986818314,0.010723820887506008,2.2704095954395598e-06,0.0005818207864649594,0.007057894952595234,0.0029961480759084225,5.731424971600063e-05,3.495976852718741e-05,5.000613327865722e-06,6.58235076116398e-05,0.0005927094025537372,0.00045401722309179604,0.0026294097770005465,2.538613262004219e-05,0.0021231872960925102,0.0001844974613049999,7.652996032447845e-07,3.813081406178753e-08,0.0009552926057949662,1.0086018846777733e-05,0.0015393290668725967,0.00010746145562734455,3.158547485782037e-07,0.04972852021455765
11,5,5,0.0004023842338938266,1.8533658874275716e-07,2.148838085247462e-08,0.0016137466300278902,3.331432890263386e-05,0.8749970197677612,0.0008057437371462584,2.495213209385838e-07,1.1864346305401341e-07,3.419619645228522e-07,1.7192500934015698e-07,9.741111171024386e-06,6.528749509016052e-06,1.251391074097441e-10,5.277200762066059e-05,0.12039938569068909,1.5904187193882535e-06,0.001239964971318841,2.81668206980612e-07,4.050533243571408e-05,1.771977764519761e-08,2.8587987532802117e-09,3.922159663716229e-08,1.859921667346498e-06,2.944934749393724e-07,1.7729773205132915e-09,2.4555005438742228e-05,2.5497550737441088e-08,2.7755462858602975e-12,1.291697844862938e-05,3.0384530873561744e-06,3.52204151568003e-05,7.832881010472192e-09,2.996529760435074e-11,2.0553361537167802e-06,0.0002681612386368215,2.2757991671729094e-11,7.227149012578593e-08,6.877782170828725e-14,4.7638863179599866e-05
12,22,24,3.956820000894368e-05,9.059501280717086e-06,0.06590759009122849,0.016539454460144043,0.002741787349805236,0.00011141491995658726,0.0012778321979567409,0.0002849625307135284,0.10366072505712509,0.11733018606901169,0.0027071633376181126,0.000698262476362288,0.015759432688355446,0.004359797574579716,3.2729039958212525e-05,7.527144771302119e-05,0.06758767366409302,0.003971280995756388,0.0007053455337882042,2.1417996322270483e-05,0.0003216755867470056,7.503954293497372e-06,0.1892315149307251,3.094615124155098e-07,0.24363182485103607,0.09699859470129013,0.016008218750357628,0.019834468141198158,7.134438783396035e-05,0.0037763752043247223,0.004553001374006271,0.000290258030872792,4.4428052206058055e-06,2.155495894839987e-05,0.007201883010566235,9.738006338011473e-05,0.00016185332788154483,0.006001950241625309,7.68746467656456e-05,0.007888130843639374
13,0,15,0.22418659925460815,0.002198625821620226,8.022241672733799e-05,0.013051745481789112,0.00022611119493376464,0.04433225840330124,0.003633402520790696,0.00021160698088351637,3.444075218794751e-06,0.0017403687816113234,5.802551186206983e-07,0.005125506781041622,0.0003718337102327496,1.5039522622828372e-06,1.5873137044764007e-06,0.5784821510314941,0.0005379379726946354,0.010965569876134396,4.096521934116026e-06,9.02883184608072e-05,9.819813385547604e-06,9.381687414133921e-05,5.528656856768066e-06,0.008356494829058647,1.8346377146372106e-06,3.313324157261377e-07,3.750780888367444e-05,1.9669250832521357e-05,9.808722097659484e-06,0.00027953070821240544,1.3020558981224895e-05,0.002431421773508191,8.289890683954582e-05,7.378226740684113e-08,0.00013474954175762832,5.4353313316823915e-05,8.928749934966618e-07,3.575601658667438e-05,6.527987750359898e-08,0.10318701714277267
14,25,2,6.226555342436768e-07,2.3120959369293814e-08,0.8078845739364624,0.00011081621050834656,0.0004206844896543771,1.0540347830101382e-06,1.4744328836968634e-05,1.7779262506678606e-08,3.708163058036007e-05,2.1628129616146907e-06,3.3229152762714875e-08,0.02485232800245285,0.05275202915072441,0.0040556988678872585,4.404082931674935e-10,8.894155634209255e-09,0.0001731622323859483,0.003191172145307064,1.7053864098670601e-07,3.2812657480008056e-08,6.60940568195656e-05,4.7941608016799364e-08,0.031192723661661148,4.242477896765351e-11,0.00010725955507950857,0.06830061227083206,0.00010274248052155599,0.0002859561936929822,2.2691077106173907e-07,2.764062173810089e-06,0.00135239923838526,4.968208941136254e-06,1.9526446431994415e-11,7.066040808023644e-11,5.3900072089163586e-05,1.3227201556276214e-08,0.00014506102888844907,0.0031261113472282887,2.3181785657744314e-10,0.0017626183107495308
15,7,18,2.5581224690540694e-05,0.012683012522757053,4.36461741628591e-05,0.007839378900825977,3.039740477106534e-07,5.854852247466624e-07,0.0002879991370718926,0.1903398334980011,7.488930031662733e-10,3.3159511076519266e-05,0.09140891581773758,9.02310656747396e-11,6.864983788545942e-06,7.475266102119349e-06,0.0016975466860458255,1.4959496184019372e-05,1.7381374561864504e-07,6.206478815329319e-07,0.3720950186252594,1.7965978713618824e-06,1.90922611054134e-10,8.031357801030481e-09,2.5738032150002255e-07,4.778766538038326e-08,1.6285977835650556e-05,0.001252118730917573,0.00027237608446739614,0.008055690675973892,1.5825010635239778e-08,2.322000182175543e-05,4.2467146954550117e-07,0.3136221170425415,0.0001523708488093689,6.152004061732441e-05,1.1083359368058154e-06,2.8573454713409774e-09,5.199335282668471e-05,3.5342525279702386e-06,4.9967116666493894e-08,1.259033055589498e-08
16,25,25,1.3394323104876094e-05,7.828143679944333e-06,0.061525315046310425,0.03070596419274807,2.824527200573357e-06,8.070614057942294e-06,5.264819992589764e-05,9.238015991286375e-06,0.00010042571375379339,3.830855348496698e-05,0.0003019106516148895,0.00010903291695285589,0.0003791295748669654,0.0041837845928967,2.503036967027583e-06,1.2830307696276577e-06,0.001799885998480022,1.2708518397630542e-06,0.0004920245846733451,2.3083018731995253e-06,0.0020146938040852547,4.6682613174198195e-05,0.0009617154719308019,4.75957406820271e-08,0.0001262032747035846,0.5120661854743958,1.4177924640534911e-05,0.047937020659446716,0.00016550661530345678,2.2334423192660324e-05,0.0005636994610540569,2.0377190594444983e-05,2.948780775113846e-06,0.00016597557987552136,0.00015766550495754927,2.7676605895976536e-07,0.3198809027671814,0.015914054587483406,7.263850420713425e-05,0.00012975148274563253
17,27,27,2.349547230551252e-06,0.003596782684326172,1.2574859283631667e-05,0.06971324980258942,3.006323368026642e-06,2.4903543817345053e-05,0.0006581890629604459,0.00012504153710324317,5.017594162382011e-08,1.954581193785998e-06,0.01445034984499216,6.779591643635285e-08,6.6978154791286215e-06,5.066537414677441e-05,0.0173001978546381,9.197696635965258e-05,1.8521306628827006e-05,4.1417092688789126e-06,0.31055372953414917,1.3141171848474187e-06,1.9882706681073614e-07,6.332974700207217e-10,3.544159653756651e-06,6.460989521173133e-09,0.0015013939701020718,0.00026369173428975046,0.2220330685377121,0.3517915904521942,4.1660080940530975e-10,1.1966417332587298e-06,0.0009056295384652913,0.006760745774954557,4.0785110400065605e-07,0.00010565635602688417,1.0447048026662742e-07,9.082671112992102e-07,1.0905874660238624e-05,4.605900812748587e-06,7.316329941886579e-08,5.282472557155415e-07
18,23,7,0.004300105385482311,0.005405600648373365,4.382989936857484e-05,0.015167294070124626,1.2934204278280959e-05,9.14837346499553e-06,9.552126721246168e-05,0.8282831311225891,1.5533654504906735e-06,0.006153568625450134,0.04104357957839966,4.3420286033324373e-08,5.8658602938521653e-05,3.771486444748007e-05,0.0035876098554581404,0.00409857090562582,6.01675355937914e-06,2.720308293646667e-05,0.041310787200927734,2.8038270102115348e-05,9.669212097662694e-09,4.579286994044196e-08,5.037768914917251e-06,8.59185638546478e-06,0.001835211063735187,0.00020477671932894737,0.021711699664592743,0.008265849202871323,2.9086783115417347e-07,0.0004129630688112229,2.9277058274601586e-05,0.017592040821909904,0.00019972083100583404,3.20345425279811e-05,1.2986438377993181e-05,7.126999435058679e-07,2.222012199126766e-06,1.1751204510801472e-05,2.093782143219869e-07,3.6228909721103264e-06
19,35,15,0.0021669240668416023,0.19273579120635986,0.0013497431064024568,0.0104369493201375,0.009158169850707054,0.01842242106795311,0.22809024155139923,0.0001494112948421389,8.365386020159349e-05,0.00022147050185594708,0.0006576701998710632,0.0020404679235070944,0.0012147966772317886,8.530549530405551e-05,0.006078999023884535,0.31566140055656433,0.06789536029100418,0.0006372731877490878,0.008781414479017258,0.00037352018989622593,0.00012543759658001363,0.00022146185801830143,7.067778642522171e-05,0.005111707840114832,0.0011111046187579632,0.0001577303046360612,0.024121791124343872,0.0004460417840164155,1.6302930816891603e-05,0.0003010707441717386,0.03428923711180687,0.037016354501247406,0.00019559665815904737,0.00013253501674626023,0.0006783556891605258,0.025641461834311485,5.093201616546139e-05,0.0001039243143168278,4.990198249288369e-06,0.003962262999266386
20,36,36,4.872181946780074e-08,1.0705401842781015e-11,0.00021294532052706927,1.50021975287018e-07,2.5977939332961835e-15,3.173658642201087e-14,1.5687895427163312e-11,4.478445134810556e-14,2.572392576727367e-10,2.8524115361361346e-11,1.3292164677963791e-12,2.3187110217981477e-11,5.605221287119377e-10,3.8452640377384384e-11,6.231709272618165e-16,9.141758090271384e-15,2.748596443780116e-06,8.328807207715755e-16,2.1671142658163944e-10,2.7218975771209353e-12,1.1326304871772663e-07,6.366142770275474e-05,2.605538007571795e-09,4.3388182756093786e-15,7.455677568379837e-12,0.00015999414608813822,1.814525890653229e-10,2.9967948648845777e-05,0.01077297329902649,6.433883287249031e-11,5.376270539869665e-09,1.7653975883154954e-13,1.97004745849938e-10,1.0276518525031975e-09,3.623810695962959e-10,6.157322309794701e-16,0.9887571930885315,1.7808925178997015e-07,1.1646349162841574e-10,2.499395690414019e-10
21,4,30,0.0046544610522687435,0.006313693709671497,0.045468706637620926,0.0032068744767457247,0.062367718666791916,0.045786309987306595,0.12293129414319992,0.0012825122103095055,0.005695869214832783,0.005250163841992617,0.0010193304624408484,0.09582729637622833,0.01355156023055315,0.0013743663439527154,0.005084050819277763,0.020456956699490547,0.005725399125367403,0.12137272953987122,0.006315784994512796,0.006819505710154772,0.0019916160963475704,0.007567263208329678,0.00529889203608036,0.0016440111212432384,0.006783122196793556,0.0015057777054607868,0.011089439503848553,0.001016408670693636,4.066933615831658e-05,0.023633219301700592,0.14401347935199738,0.06921091675758362,0.0008128896588459611,0.00014449185982812196,0.027251731604337692,0.02850085124373436,0.00033004520810209215,0.001953297760337591,1.6310150385834277e-05,0.08669101446866989
22,12,26,9.16657445486635e-05,0.0045130993239581585,0.024181071668863297,0.015119087882339954,0.0017334201838821173,0.00016579078510403633,0.00046252450556494296,0.0014462950639426708,0.0001272431982215494,0.013584771193563938,0.0027394224889576435,7.411540718749166e-05,0.12443961203098297,0.009062491357326508,0.00011106766032753512,0.0019200841197744012,0.002104348037391901,0.005782984662801027,0.004366222769021988,0.001248811953701079,0.000441421230789274,2.0114227936574025e-06,0.0012562884949147701,9.884281553240726e-07,0.1447896808385849,0.011503312736749649,0.6149741411209106,0.007923051714897156,5.212889300310053e-05,0.0007195400539785624,0.0009831874631345272,0.0008483814308419824,5.30922716279747e-06,7.121486851247028e-05,0.0004853744467254728,1.9358014469617046e-05,0.0005200585583224893,0.00038107793079689145,0.00014295712753664702,0.0016063509974628687
23,24,24,3.848211918011657e-07,3.240371370338835e-05,0.025431811809539795,5.53021309315227e-05,0.05711550638079643,3.357847162988037e-05,0.0042114173993468285,3.478799044387415e-05,3.388087498024106e-05,0.0003890010993927717,5.237607911112718e-05,0.0015024400781840086,0.025563623756170273,0.007468625903129578,1.0209387255599722e-05,5.764240540884202e-06,0.00029255548724904656,0.022551655769348145,4.346670539234765e-05,1.1842470257761306e-06,8.17834802546713e-07,1.2278325023373782e-08,0.026035498827695847,1.2051087239228764e-08,0.6722606420516968,0.022860433906316757,0.11894587427377701,0.0005644164048135281,1.3464303094679053e-07,7.627116428920999e-05,0.0021512522362172604,0.009850607253611088,7.426190506976127e-08,8.614310331722663e-08,0.00011523381544975564,5.416474778030533e-06,1.4139539416646585e-05,9.666574624134228e-05,1.824899520386225e-08,0.0021924562752246857
24,20,28,1.938706191140227e-06,3.5856265867550974e-07,0.000469737482490018,7.2239013206854e-06,3.882803412125213e-09,2.594282477730303e-08,3.964802708367188e-09,1.0622497370604833e-07,2.952971556169359e-07,6.449774900829652e-06,8.161793907390802e-09,4.988638693248504e-07,1.5990885913197417e-06,1.53964885285518e-09,1.7093786108812736e-10,1.6142938363827852e-07,4.2311080505896825e-06,4.488701854654664e-09,2.17905679278374e-07,0.0003272879112046212,0.23555339872837067,0.00024462101282551885,4.987636970099629e-08,1.0579076842986979e-05,9.930301914096162e-09,1.1414201850357131e-07,1.7265776364183694e-07,8.33990634419024e-06,0.7623855471611023,1.174724616248568e-06,1.867620881057519e-06,1.7765641735500992e-10,3.143199865007773e-05,4.546848799691361e-07,0.0005098478286527097,1.9166730425013156e-08,3.079816451645456e-05,9.35814568947535e-06,0.00011070829350501299,0.0002814008330460638
25,10,10,4.3645735914310535e-09,7.444526272593066e-05,3.6464102848299262e-09,4.863000867771916e-05,9.804217333819754e-12,1.0232479308314169e-09,5.129100699718947e-08,0.0005686489748768508,1.2000994671968238e-15,5.841820083229976e-11,0.8298113942146301,2.27313552197603e-15,2.2197454541128536e-08,2.6623524718161207e-07,0.0004902303917333484,1.0640237491088556e-07,3.6303415135163775e-11,1.1431255941829477e-09,0.15898331999778748,5.473368105413101e-07,3.1640402103905174e-13,1.1498391526149342e-16,2.6737880572808015e-12,3.248601474631352e-13,6.022973479957727e-07,1.305877162849356e-06,0.009475487284362316,0.0004282962472643703,2.698838822914754e-15,2.088360456786731e-10,2.154573880419619e-10,0.0001166151778306812,1.4756777397262333e-11,9.758965857642465e-10,2.002270398093753e-11,1.9460442372137843e-12,1.9818979790642288e-10,8.887030000792606e-10,6.011598232153479e-15,5.885821208672856e-14
26,29,30,0.00014035879576113075,0.005111589562147856,0.00033933890517801046,2.2231401089811698e-05,0.00040276627987623215,0.00041702314047142863,0.0001330653321929276,5.788890007352165e-07,0.00023102159320842475,8.798424460110255e-06,0.00022530462592840195,0.0006931342068128288,1.6138830005729687e-06,1.9402587980721364e-08,0.009740152396261692,0.0026700873859226704,0.0008528957259841263,2.3438506957518257e-07,0.0067453584633767605,0.00440256530418992,0.013714301399886608,0.009611585177481174,8.28755332804576e-07,0.0628431886434555,2.8177330023027025e-05,1.6323199361067964e-06,0.0003551567206159234,2.3226564735523425e-05,0.0007292609079740942,0.0005346386460587382,0.6106053590774536,0.00018447847105562687,0.09903889149427414,0.01483837515115738,0.12674003839492798,0.028337128460407257,1.4188753993948922e-06,6.723589194734814e-06,8.077049278654158e-05,0.0001866984530352056
27,19,18,0.001015935093164444,0.011588233523070812,0.05664015933871269,0.10581284016370773,8.251286089944188e-07,0.0001126246788771823,1.710677497612778e-05,8.070736657828093e-05,1.9695766241056845e-05,0.07837625592947006,0.00454132491722703,1.2042962225677911e-05,0.01987920142710209,1.6430749383289367e-06,2.8369859137455933e-05,0.02189456857740879,0.0010193560738116503,0.00010272681538481265,0.45622071623802185,0.0782468244433403,0.01891029253602028,0.03950650244951248,9.142908652393089e-07,0.00020094032515771687,0.0002579258580226451,1.175833403976867e-05,0.025571702048182487,0.007564516272395849,0.06537748128175735,0.0001096382547984831,0.0002460429968778044,7.54566417526803e-06,1.9339016944286413e-05,8.084094588411972e-05,0.00010472725261934102,3.0229909953050083e-06,0.0012621163623407483,0.00011577391705941409,0.003802522784098983,0.0012352531775832176
28,3,20,0.0016496928874403238,1.7293324390266207e-06,0.10368043929338455,0.018380815163254738,0.0009434261592105031,0.009530024603009224,0.028124436736106873,7.831176844774745e-07,4.752866880153306e-05,3.6700523196486756e-05,1.0244387738111982e-07,0.0278606116771698,0.2649024724960327,9.271720955439378e-06,1.899576272990089e-05,0.003941573202610016,0.0006282787071540952,0.0417548231780529,8.57414761412656e-06,0.061637330800294876,0.4163397550582886,9.228534327121451e-05,5.646990757668391e-05,3.104010465904139e-05,4.5925469294161303e-07,6.297861546045169e-06,3.65310802408203e-06,4.5076292735757306e-05,0.0002530956408008933,3.793930227402598e-05,4.472227010410279e-05,4.076084587723017e-05,5.616848284262232e-07,6.395223905997227e-09,0.011772418394684792,0.00013055105227977037,5.056520603829995e-05,0.0001015555317280814,7.391517442556506e-08,0.007835137657821178
29,15,15,0.00014190387446433306,1.8727461792877875e-05,1.885789788502734e-05,0.000727604900021106,0.00046292334445752203,0.03505565971136093,0.024792155250906944,1.495499645898235e-06,7.801925221428974e-07,0.00010960191139020026,9.886713314699591e-07,9.425340067537036e-06,0.00028955540619790554,4.179197432563342e-09,0.0002667776425369084,0.9267076849937439,0.005225537344813347,0.001535597606562078,1.4960851331125014e-05,1.982549292733893e-06,9.765646069581635e-08,9.664910649576086e-09,1.0522749960273359e-07,1.3915527233621106e-05,3.97266740037594e-06,2.217685590721885e-08,0.00024404015857726336,1.1714780612237519e-06,2.707209456609405e-10,2.347851250306121e-06,0.0002322475193068385,0.0005081160343252122,1.0346853684950474e-07,4.836851807965559e-09,3.896440102835186e-05,0.0032683133613318205,2.1747905698532577e-09,2.767460749453221e-08,5.46378914334511e-11,0.00030440621776506305
30,7,7,0.0011897586518898606,5.566836262005381e-05,4.448186700756196e-06,0.0046675740741193295,3.186551467138088e-08,1.1500920891194255e-06,2.670500407475629e-07,0.8187395930290222,3.4458760289624024e-09,0.05480068549513817,9.229905117535964e-05,8.865854578266052e-11,8.234119013650343e-05,2.5459525598847677e-09,9.781293556443416e-06,0.1173282042145729,1.218013494508341e-07,1.470441111450782e-05,0.0025471514090895653,1.1563570296857506e-05,2.3790982517368775e-09,6.066705804386174e-09,2.0054594429552708e-08,0.0001376692671328783,1.6197411696339259e-06,7.163831750034433e-09,4.830383477383293e-05,0.00017189173377119005,1.0678156314725129e-07,1.8590856143418932e-06,8.600992806861996e-09,4.668250403483398e-05,4.4596486986847594e-05,1.0724529886374512e-07,9.640973530622432e-07,1.7652697081871338e-09,1.0990200394189742e-07,3.944454007864806e-08,1.1457468751530087e-08,5.368758593249368e-07
31,8,22,2.034368662862107e-05,1.1452478929641075e-06,0.008028937503695488,0.005009491462260485,0.02360299602150917,4.4785934733226895e-05,0.00030360117671079934,0.0005631084204651415,0.046607039868831635,0.055578481405973434,0.00015569028619211167,0.0035897151101380587,0.010632948018610477,0.0013409277889877558,8.342234650626779e-06,5.9575188060989603e-05,0.005790240131318569,0.01177807804197073,4.6892841055523604e-05,1.9560731743695214e-05,0.00018119234300684184,5.176115678295901e-07,0.5505508780479431,8.145735250764119e-07,0.07875651121139526,0.004341897554695606,0.004089850466698408,0.002180573996156454,2.479078648320865e-05,0.01125605683773756,0.0017831919249147177,4.026671376777813e-05,2.7974185741186375e-06,5.094146899864427e-07,0.011392025277018547,0.00011648982035694644,2.1611116608255543e-05,0.0033564509358257055,1.398280346620595e-06,0.1587202250957489
32,1,1,6.45662221359089e-05,0.9610748291015625,2.393903741904069e-07,0.00047610007459297776,2.8841411037205944e-08,1.0162948171910102e-07,1.8962585102144658e-07,5.143016460351646e-05,2.711079407843875e-12,3.788771518742351e-10,1.064123625837965e-05,8.07575784023129e-09,1.0685330380511004e-05,5.2814142691204324e-05,1.446596797904931e-07,9.262758794648107e-06,1.379270599954907e-07,8.011629120119323e-07,3.898610520991497e-05,9.626340761315078e-05,7.309991723047915e-09,1.3274147336872488e-09,1.4190431052441e-09,4.582195956004398e-09,1.7332949937554076e-06,7.855265721445903e-06,0.03807317465543747,1.5509007425862364e-05,6.799354856923401e-09,3.015591687471897e-08,7.399776080774245e-08,6.9860184339631815e-06,1.4976194728788528e-09,4.029393352311672e-08,5.901019672904795e-09,5.174798367590938e-09,7.182622539403383e-06,5.967302740828018e-08,1.3880223359574728e-10,8.613936586243653e-08
33,17,17,0.030586032196879387,9.562743071001023e-05,4.7531975724268705e-06,0.1321801245212555,0.14947141706943512,0.2134084701538086,0.0002486334997229278,0.008727014996111393,0.0002242566115455702,0.0007996706408448517,0.00010857814049813896,0.0005751344724558294,0.003735840553417802,4.1485396650386974e-05,3.349157850607298e-05,0.09471610933542252,0.0002624116314109415,0.2281230390071869,1.6100730135804042e-05,0.0037450511008501053,0.00012255851470399648,1.9671789175390586e-07,0.0005040906253270805,0.0009081833995878696,0.0001247464242624119,1.5331937902374193e-05,0.0002465171564836055,3.9964736060937867e-05,7.007718068052782e-07,0.04762832075357437,9.503394539933652e-05,0.00047089409781619906,2.1809331883559935e-05,9.635396480689451e-08,0.010891824029386044,0.00036284312955103815,5.629989345834474e-07,0.003652817104011774,1.6692103699256222e-08,0.06781017035245895
34,23,35,0.0010594365885481238,0.004603328183293343,4.832713784708176e-07,7.072768312355038e-06,0.00013988085265737027,9.103279444389045e-05,0.001117033651098609,2.4775301426416263e-05,1.0358090776207973e-06,3.407406620681286e-05,0.0003397456603124738,3.703524242837375e-08,2.837226134033699e-07,4.7436676808843e-09,0.09233453124761581,0.22334669530391693,0.0008096562814898789,1.3359193928863533e-07,0.006148280575871468,2.5655178887973307e-06,1.4487444843780395e-07,7.444596690220351e-07,9.233341558001484e-08,0.098970927298069,3.3493001865281258e-06,3.1639274311601184e-08,2.1947607820038684e-05,4.9475193009129725e-06,3.611203425180065e-08,5.18235992785776e-06,0.004818269517272711,0.0014565328601747751,0.003938034176826477,0.000226881486014463,6.978767487453297e-05,0.5604224801063538,9.847163084941712e-10,7.331335893923097e-08,6.067130442488633e-08,3.4872959986387286e-07
35,7,7,0.007959363982081413,9.72185080172494e-05,9.529359522275627e-05,0.019207412376999855,8.983489351521712e-06,8.381790394196287e-05,2.105409976138617e-06,0.5023919343948364,3.87023374059936e-06,0.23411090672016144,0.0020371736027300358,6.294795440453527e-08,0.0005096171516925097,2.1292640894898796e-07,7.987746357684955e-05,0.22305268049240112,1.2434348718670662e-05,0.0007079978240653872,0.00328545062802732,9.152207348961383e-05,2.738744910857349e-07,8.648896709928522e-07,6.765680609532865e-06,0.002955844160169363,4.1535593481967226e-05,2.9502280085580423e-07,0.00020552040950860828,0.0017757549649104476,1.2591470294864848e-05,0.00013233158097136766,5.13413851876976e-07,0.00012256680929567665,0.0008151659276336432,2.375756821493269e-06,4.855511724599637e-05,4.1536739558978297e-07,2.557692823756952e-06,1.756516758177895e-05,4.397454347326857e-07,0.00012007552140858024
36,38,38,4.635217578652373e-07,4.269447728688647e-08,1.7328993635601364e-06,4.033136846715024e-08,1.4989257664937972e-12,2.0826770863457966e-11,2.7992802520415694e-10,2.151626619928404e-11,8.022877409530338e-06,6.056252004782436e-06,5.142869952123874e-08,7.568866422502651e-09,6.086528259174884e-08,2.6607241410125937e-10,3.4232083834240257e-10,7.532168222468272e-10,1.9647648514364846e-05,4.1493784103119324e-11,3.2014784778766625e-07,6.3237477476718595e-09,1.5167314813879784e-05,0.3577650487422943,1.1540372213403316e-08,4.135840185881534e-07,3.0797462358123084e-08,2.849942291049956e-07,2.402468224360632e-09,3.8226670540097984e-07,6.371985364239663e-05,4.699263755902905e-10,4.530866863206029e-05,1.5378985585012828e-10,9.360402145830449e-06,0.00017174327513203025,2.3605748822319583e-07,1.1249456477457898e-08,1.3832088370691054e-05,2.7226181487094436e-07,0.6418777704238892,1.238824154370377e-08
37,26,26,1.7453763234698272e-07,0.12167669832706451,1.7437550070553698e-08,8.079064173216466e-07,4.811490650347139e-10,4.1846800330480605e-11,6.498920068764846e-09,5.245035481493687e-06,2.4186411879366376e-13,7.582591672605776e-12,4.9633526941761374e-06,5.823099641366625e-11,1.107284006707232e-07,2.996060902660247e-05,2.1580563114298457e-08,1.8656946210171554e-08,6.591219792184688e-10,1.7251760908720826e-08,4.64096519863233e-05,2.4382225660701806e-07,1.1367484731295008e-10,1.156307309017196e-13,3.83548158511271e-11,5.654861886909834e-13,2.7664858862408437e-05,2.2063929918658687e-06,0.8777942061424255,0.0004010197299066931,1.0484137429739304e-12,4.569071787585699e-10,1.0880871741392184e-06,8.96933488547802e-06,5.868334290726196e-11,5.799875424372658e-08,3.5291092270739455e-10,3.584728867911391e-12,1.764413326554859e-07,1.6428136628832135e-10,3.512940589464608e-12,4.366238204323025e-10
38,31,30,0.0005044848658144474,0.0003860897559206933,7.921642463770695e-06,2.087793473037891e-05,2.816150117723737e-05,2.2778924176236615e-05,0.0007061143405735493,1.8350956452195533e-05,6.638543936787755e-07,6.300697918959486e-08,0.008520521223545074,5.486015197675442e-06,6.796257707719633e-07,3.264081897214055e-05,0.1491624265909195,9.365777077618986e-05,0.011436269618570805,1.3940380938493036e-07,0.0014309961115941405,6.065329216653481e-06,0.0018358397064730525,6.329407824523514e-06,5.401709586294601e-06,0.0016715135425329208,1.75866352947196e-05,0.000980169279500842,1.4092324818193447e-05,0.006679811514914036,1.5925806451377866e-07,3.6308342714619357e-06,0.6141278743743896,0.0003926824720110744,0.03463737294077873,0.16468441486358643,0.0019972200971096754,0.00036594862467609346,0.00013697470421902835,2.1665375243173912e-05,3.68774235539604e-05,7.659744483135e-08
39,13,13,9.387277941641514e-07,0.0008833431056700647,0.00023432046873494983,1.799489291443024e-05,2.915571167250164e-05,4.2782981601874326e-09,4.2501207531131513e-07,1.1337136811562232e-06,1.7227398396713056e-09,3.993651187528258e-09,8.260063850684674e-07,0.00019758555572479963,0.005982806906104088,0.7434700727462769,1.0170749797921985e-09,2.3409908678218017e-08,1.225106700530887e-07,5.0087928684661165e-05,3.0081073987275886e-07,9.751636298460653e-08,3.8132386634970317e-06,1.791999881817219e-11,2.294229307153728e-05,7.55415782011104e-12,0.000654905044939369,0.01210265513509512,0.22886177897453308,0.0006184276426211,1.9588643596080146e-08,2.2920642095414223e-07,2.452685839671176e-05,3.594016743591055e-05,6.947205311025328e-11,2.971595858269893e-09,8.980643428913027e-07,2.5294696892608215e-10,0.005907299462705851,0.0008922785054892302,4.2737205441234494e-10,5.027094630349893e-06
40,30,30,0.0007179558742791414,0.000165846839081496,0.00041748458170332015,1.8960037095894222e-06,1.1181120953551726e-06,2.9770658827033003e-08,2.9115281563463213e-07,3.115480069482146e-07,0.00500571308657527,9.718444744066801e-06,2.5546435153955827e-06,0.0024687680415809155,1.4604441275878344e-05,0.0001239045086549595,1.4363923810378765e-06,5.394886670728738e-07,0.002674924908205867,9.912088927421792e-08,2.9754157367278822e-05,3.5827592910209205e-06,0.0017606426263228059,0.15728995203971863,3.1023962947074324e-05,4.2762158045661636e-06,8.078852988546714e-05,0.0007924396777525544,0.00017808385018724948,0.0001184440334327519,0.0020388588309288025,2.528277582314331e-05,0.8115440607070923,2.692709358598222e-06,0.00015432684449478984,0.009073960594832897,0.0007719334680587053,1.3809377378493082e-05,0.003044791053980589,7.206774898804724e-05,0.0013431914849206805,1.882172182376962e-05
41,3,18,4.768528015119955e-05,0.0005042440025135875,0.003136579878628254,0.06258100271224976,9.555154974805191e-06,2.9758130040136166e-05,0.0004929634160362184,0.019499512389302254,1.1648750842141453e-05,0.0037810190115123987,0.18076342344284058,1.2335755172898644e-06,0.0007045203819870949,0.0018733162432909012,0.00945976935327053,0.0004056489560753107,0.0003291131870355457,3.5963617847301066e-05,0.35158681869506836,0.00018667727999854833,1.4213329450285528e-05,1.9314215933263768e-06,0.00033696703030727804,8.470942134408688e-07,0.00362757733091712,0.008524332195520401,0.020288363099098206,0.3261975347995758,4.103861647308804e-05,9.812595089897513e-05,4.9006324843503535e-05,0.0030352582689374685,0.00010593567276373506,0.00037446871283464134,0.00010273563384544104,1.8908231140812859e-06,0.001170460251159966,0.0005426438874565065,2.0860366930719465e-05,2.5398385332664475e-05
42,22,3,5.1336377509869635e-05,7.7697382948827e-05,0.044193074107170105,0.5195950269699097,0.002907653572037816,0.0009561094921082258,0.0004907152033410966,0.00019982093363068998,0.0005034389905631542,0.003018548944965005,0.003134144237264991,0.00040120529592968524,0.1642313301563263,0.007755436468869448,0.0002547761832829565,0.0004591831529978663,0.004539754707366228,0.047701891511678696,0.0033382384572178125,0.0009196928003802896,0.0011858836514875293,2.8705213139801344e-07,0.011957251466810703,1.586485041116248e-07,0.04794231429696083,0.01740153878927231,0.06361907720565796,0.034740347415208817,1.8564462607173482e-06,0.00030866428278386593,0.0010188308078795671,0.0003479554143268615,1.2399432591791992e-07,9.190198397845961e-07,0.008854085579514503,1.7731208572513424e-05,0.00021569889213424176,0.00470460532233119,2.0285967821109807e-06,0.0029516585636883974
43,39,39,0.015430976636707783,9.27072687773034e-06,0.00035201371065340936,0.003116599516943097,0.003679890651255846,0.0037447214126586914,0.0006055010017007589,0.0002573634556028992,0.0011474676430225372,0.005953692831099033,9.882156746243709e-07,0.012274406850337982,0.010195337235927582,4.819535206479486e-06,1.1333061138429912e-06,0.017241081222891808,0.0002982807345688343,0.019650477916002274,1.6393670421166462e-06,0.00437711738049984,0.002834773389622569,0.0001049530110321939,0.00018524433835409582,0.0012747816508635879,4.448851996130543e-06,2.7227904411120107e-06,1.983525544346776e-05,1.1194454600627068e-05,0.0008151252404786646,0.0012056982377544045,7.606778672197834e-05,1.2267272722965572e-05,0.00016678041720297188,8.015383201609438e-08,0.05532899871468544,0.000800890033133328,4.373432238935493e-05,0.0003543766215443611,1.6548708572372561e-06,0.8384135961532593
44,20,28,1.6593385225860402e-05,1.705463859025258e-07,0.00013905600644648075,2.1753673706825793e-07,5.4254634562767023e-08,4.571458767088643e-09,1.238288405147614e-08,1.5282884646694583e-07,2.907606540247798e-05,4.167472798144445e-05,1.7315207045953684e-08,5.201160456635989e-05,2.9703383006562945e-06,5.258689128595506e-08,6.612191905119857e-10,1.914467731012337e-07,0.0001799247256712988,9.82152226214339e-09,2.5466880160252003e-08,1.9576080376282334e-05,0.11777205765247345,0.0005339941708371043,4.3174105712751043e-07,0.0005368100828491151,2.1721614729131034e-08,7.33221341420176e-08,1.0405952366454585e-07,1.9336232526256936e-06,0.8717136979103088,5.651400897477288e-06,9.009844688989688e-06,4.896651972785548e-10,0.003795995144173503,2.3177447019406827e-06,0.0009616102906875312,1.146429553955386e-06,1.4718936654389836e-05,3.91910089092562e-06,0.003951894585043192,0.00021274402388371527
45,14,2,6.327435403363779e-05,5.31996411154978e-05,0.22820714116096497,0.02494743838906288,0.022297216579318047,0.00014628192002419382,0.000607730180490762,0.0004076719924341887,0.00966794416308403,0.01055772416293621,0.0007797243306413293,0.02263692580163479,0.05009828507900238,0.007379497401416302,1.2037879059789702e-05,0.00015289637667592615,0.004457553382962942,0.007661419454962015,0.00029905358678661287,0.0011546999448910356,0.09338647127151489,1.4776966963836458e-05,0.0950295627117157,1.6688252799212933e-05,0.03561371564865112,0.0213309358805418,0.009093538857996464,0.011870786547660828,0.0013257727259770036,0.008106225170195103,0.006704734172672033,0.00013716370449401438,1.6908074030652642e-05,1.852298191806767e-05,0.10926677286624908,0.00016616495850030333,0.002567991614341736,0.028742723166942596,6.72183305141516e-05,0.1849355697631836
46,16,16,0.0006711447495035827,3.27474936057115e-08,2.89710470724458e-07,2.1446591724760822e-10,1.2803744731115785e-08,2.4332378334435134e-09,3.4105747204193904e-07,1.8967143411430243e-09,1.5099309393917792e-06,4.2235680552948907e-07,6.801767593600516e-09,1.9971826077380683e-06,1.0411335793492071e-08,3.278445848131639e-10,2.2558833023822444e-08,6.170104370539775e-06,0.8464422821998596,1.7196397084084936e-11,3.057370800974013e-09,1.1333448624029074e-09,2.2340543637255905e-06,0.0006499544251710176,8.460740552607149e-09,0.14877378940582275,9.512911292031134e-11,7.565145843102528e-09,4.1659301008856175e-11,9.832951120003486e-10,0.00015891784278210253,2.523314002189636e-09,3.853267844533548e-05,5.178699247210261e-09,0.003098658984526992,2.2737608560419176e-06,5.30578017787775e-06,0.0001402677589794621,3.7257127161183234e-08,4.297126210417446e-09,5.701643203792628e-06,1.0791750604255412e-08
47,14,20,4.8854592023417354e-05,0.0001462997606722638,0.31749117374420166,0.02118324115872383,0.00018400097906123847,3.5740496969083324e-05,9.86349768936634e-05,0.00020417421183083206,0.00015131797408685088,0.0038809007965028286,0.0009574823779985309,0.00025947776157408953,0.062328141182661057,0.0007031690329313278,0.00010795320122269914,0.0006148979882709682,0.0008382797241210938,0.00042083230800926685,0.005010573659092188,0.07851199060678482,0.44962602853775024,0.00011072096094721928,0.00018219345656689256,2.641486207721755e-05,0.0011290316469967365,0.0011029045563191175,0.003817545948550105,0.010648812167346478,0.010106880217790604,0.0010829762322828174,0.00035625495365820825,2.5951079805963673e-05,2.034675344475545e-05,0.00016287084145005792,0.02099781669676304,2.3441403754986823e-05,0.004910849500447512,0.000791802944149822,0.0004536323540378362,0.0012463547755032778
48,39,39,0.0002641941828187555,4.598733994498616e-06,0.009629447013139725,0.0017657869029790163,0.01598292775452137,0.0025594544131308794,0.0016987343551591039,1.5054011782922316e-05,0.000808028387837112,0.0006247759447433054,5.540460279007675e-06,0.14196333289146423,0.020664067938923836,2.2916021407581866e-05,4.137686573812971e-06,0.000963604252319783,0.00022274321236182004,0.31986501812934875,1.595744652149733e-05,0.0022674426436424255,0.004775421693921089,9.8226017144043e-05,0.0018184860236942768,2.4263563318527304e-05,4.522287053987384e-05,1.565505408507306e-05,7.04153353581205e-05,3.9600963646080345e-05,1.5252163393597584e-05,0.0002265836374135688,0.0008223053882829845,0.00013119683717377484,2.007165221584728e-06,1.5538995867814265e-08,0.050443124026060104,7.316843402804807e-05,4.683476436184719e-05,0.0005137177067808807,5.7096798400380067e-08,0.4214906096458435
49,9,9,1.4620646027196926e-07,6.036880506599118e-08,0.0014584052842110395,3.82413636543788e-05,1.7090115989049082e-08,6.036233290984683e-09,7.243221489261487e-08,4.450839412584173e-07,3.9043985452735797e-05,0.9973579049110413,7.828771941831292e-08,9.214454621542245e-08,0.0001410667027812451,7.515671285318604e-08,1.5569140421334282e-10,3.2546369766350836e-05,0.00047520376392640173,2.9518541850848123e-06,7.189095413195901e-06,1.0902036819970817e-06,7.351912699959939e-06,1.7830102478910703e-06,4.424921087320399e-07,2.2925206177859536e-09,4.987010470358655e-05,5.627101700156345e-07,0.00013926667452324182,0.0001216616146848537,6.125499203335494e-05,1.116640532927704e-06,1.0793216915772064e-06,2.2900483287457973e-08,3.311359364488453e-08,9.200014083887709e-09,2.0134378075908899e-07,6.342251168689472e-09,6.183499294820649e-07,2.1062466259991197e-07,2.642495746840723e-05,3.350710539962165e-05
50,14,20,7.680161616008263e-06,7.1006584221322555e-06,0.04874376207590103,0.0007449315162375569,6.917114205862163e-06,2.620974782985286e-06,9.047543244378176e-06,7.720231224084273e-05,0.00018729583825916052,0.002964674960821867,0.000291127129457891,1.2984923159820028e-05,0.0028061000630259514,2.098983713949565e-05,9.2115587904118e-05,4.518735659075901e-05,0.0002748849510680884,4.628592705557821e-06,0.0009191209683194757,0.018590345978736877,0.7917494773864746,0.00010284766176482663,8.117860852507874e-05,0.00010130743612535298,0.00010566694982117042,0.00021165411453694105,0.0001110794473788701,0.00068439677124843,0.11054456233978271,0.0013927103718742728,5.682712799170986e-05,7.963595862747752e-07,0.00012483555474318564,0.0016929743578657508,0.01477782242000103,5.7256227592006326e-05,0.0007260424317792058,0.0002161485026590526,0.0013376548886299133,0.0001160457031801343
51,29,20,0.0011317628668621182,6.283660331973806e-05,0.002728305757045746,0.0011615237453952432,0.0023739133030176163,0.0010610485915094614,3.032893619092647e-05,0.00032992358319461346,0.0015173460124060512,0.0012766164727509022,0.0002512395440135151,0.009409734047949314,0.0009199092746712267,1.990929558814969e-05,0.00031777285039424896,0.0009065395570360124,0.000317368539981544,0.00030714450986124575,0.0008186884224414825,0.16730855405330658,0.6099423766136169,0.0008282065391540527,0.0002615606354083866,0.005669708363711834,0.00012129665992688388,5.478720777318813e-05,0.0006096361903473735,4.773013279191218e-05,0.01328559685498476,0.06880147010087967,0.003487729700282216,9.109317034017295e-06,0.0015395315131172538,0.00011125022865599021,0.0678175836801529,0.0006875525577925146,6.28630950814113e-05,0.0028236215002834797,0.0002820502268150449,0.031305912882089615
52,4,15,0.026356764137744904,3.0552560929208994e-05,3.1736885830468964e-06,0.008657228201627731,0.00011966112651862204,0.14131499826908112,0.002782118506729603,3.851527799270116e-05,4.8323104238079395e-06,0.0003275216440670192,4.930277555104112e-07,0.0001180581166408956,6.266881246119738e-05,2.0277598267171015e-08,1.9185150449629873e-05,0.80577552318573,0.0006457343115471303,0.0008812490268610418,1.3015728654863779e-06,3.205617758794688e-05,1.0748861996034975e-06,4.504320713749621e-06,2.076898454106413e-06,0.006366007495671511,5.938520075687848e-07,6.722678591586373e-08,5.0518742682470474e-06,6.647884447374963e-07,4.120889798286953e-07,9.451524238102138e-05,6.414917152142152e-06,4.7303998144343495e-05,1.0853749699890614e-05,5.2529220084807093e-08,3.950795144191943e-05,0.0029535761568695307,3.605205733947514e-08,9.972786756407004e-07,3.0652924642993185e-09,0.0032945910934358835
53,32,32,1.6173093172255903e-05,4.754921079097585e-08,6.707112731874076e-08,1.7644514321846216e-11,1.4165677094876705e-12,6.084215076196386e-11,5.545182368837942e-12,1.9621475277897815e-10,3.58988186399678e-11,3.321785015941714e-06,1.535142726914046e-13,2.0123830379858987e-10,1.8525701805938155e-12,3.2346316312828298e-15,5.580548247493449e-15,2.255300870501742e-07,4.868667247137637e-07,4.0189836322205436e-14,2.6728708222428788e-12,7.669034157720134e-11,5.996000851382632e-08,0.02998402900993824,3.501719584870361e-13,0.004603157285600901,2.671526245530539e-15,3.3495122365827246e-13,2.7304923594503525e-14,1.620302558791309e-09,0.2995914816856384,2.7295176535657717e-11,3.8217558007147545e-09,2.3384267612558407e-12,0.6657772064208984,2.0700570146914288e-08,2.6763109417515807e-07,7.571349797119709e-11,1.3261409748110964e-08,8.640294590911424e-10,2.240998401248362e-05,9.637582252253196e-07
54,31,31,9.064677897185902e-08,0.08905067294836044,2.023465422995585e-10,7.129231107683154e-06,4.441368872676321e-08,6.290426313171338e-08,0.0010919137857854366,5.17132002642029e-06,8.038344024696026e-14,8.253812563974172e-12,0.0001141948378062807,1.2642287390562945e-12,2.931191053767712e-11,2.5036980821901977e-10,0.0026934321504086256,1.1216437769689946e-06,2.5824511418193197e-09,1.2897941048528594e-10,0.3593386113643646,4.335501957442034e-10,1.0680895187395456e-12,3.155161461959599e-12,4.034168485378409e-11,1.1824405898863688e-09,8.486158442622127e-09,8.236762596425251e-07,2.3628401322639547e-05,9.512162796454504e-05,5.6640371510824e-14,4.0828855851771095e-09,4.976132004230749e-06,0.54753577709198,4.996883262720075e-07,3.673016180982813e-05,1.0830781584092453e-11,3.387662061982155e-08,4.665132724568366e-09,2.7050064965727927e-10,1.298744098376936e-12,4.4410312233233995e-11
55,14,12,0.0001339222362730652,5.40638247912284e-05,0.24607007205486298,0.011020716279745102,0.010602439753711224,0.00022413319675251842,0.0010121483355760574,0.0004192214400973171,0.0001900226779980585,0.0029730983078479767,0.0013857469893991947,0.0006542553310282528,0.3382144272327423,0.0024591158144176006,0.00046517146984115243,0.0011829596478492022,0.0004618385573849082,0.10924647748470306,0.0003127154486719519,0.034203264862298965,0.043957483023405075,6.082763093218091e-07,0.00390944117680192,3.9549526263726875e-05,0.017036065459251404,0.0011696595465764403,0.02114659920334816,0.002491964492946863,0.00018152919074054807,0.0014591708313673735,0.00017194938845932484,0.00026192309451289475,4.689454726758413e-06,3.3320291095151333e-06,0.14349770545959473,0.0001638049288885668,0.00017522662528790534,0.001033528009429574,1.5914216646706336e-06,0.0020083452109247446
56,13,13,3.4035179851343855e-05,0.008925636298954487,0.009178864769637585,0.0003962998162023723,3.3114993129856884e-05,8.787922922692815e-08,4.507215635385364e-06,2.0330586266936734e-05,2.2982042082730914e-06,3.2292389278154587e-06,2.8950616979273036e-05,0.00047147099394351244,0.007634767796844244,0.38064053654670715,9.963815017499655e-08,1.7218959555975744e-06,2.557174229878001e-05,3.683581235236488e-05,4.9081103497883305e-05,7.801314495736733e-06,6.81976816849783e-05,4.933178274768579e-07,0.0002919715188909322,1.4713082974182612e-09,0.013566789217293262,0.12468277662992477,0.3074749708175659,0.008596507832407951,2.642096660565585e-05,2.1371106413425878e-05,0.0010104246903210878,0.00018535260460339487,9.437258086109068e-08,2.4177821615012363e-05,1.3198023225413635e-05,1.3634618767355278e-07,0.13407258689403534,0.002285977592691779,2.7211542601435212e-06,0.0001806539366953075
57,12,2,2.6066181817441247e-05,1.2225948921695817e-05,0.47247323393821716,0.016560424119234085,2.6454756152816117e-05,2.0794303054572083e-05,0.00011443750554462895,5.4485721193486825e-05,0.007190096192061901,0.07205767929553986,0.00016183742263820022,0.0012467317283153534,0.007671673316508532,0.00032297938014380634,7.980390250850178e-07,0.00027261508512310684,0.09330126643180847,0.0006845720345154405,0.0001697573170531541,8.32360892673023e-05,0.03104846552014351,0.0001636095403227955,0.00580995436757803,6.3520724324916955e-06,0.0012987450463697314,0.0011392012238502502,0.00045709440018981695,0.17509441077709198,0.01526025589555502,8.921816333895549e-05,0.0007895634626038373,1.224909101438243e-05,0.00022550484573002905,7.583485057693906e-06,0.07030326128005981,1.4106154822002281e-06,0.00604290934279561,0.001210056128911674,0.001423223759047687,0.017165588214993477
58,39,11,0.00013142071838956326,9.86708801065106e-06,0.002771717496216297,1.1546272617124487e-05,0.029520828276872635,0.00011498697131173685,0.0004875576123595238,1.3315888281795196e-05,0.001246321597136557,0.00015143421478569508,7.14334646545467e-07,0.8197788596153259,0.0014163035666570067,5.1689094107132405e-05,2.2258050194068346e-06,0.00011797082697739825,0.00019939450430683792,0.00848270021378994,5.804600732517429e-06,0.00019057519966736436,0.0008019961533136666,0.00018045070464722812,0.00035358252353034914,4.5608940126840025e-05,8.56556071084924e-05,9.675115506979637e-06,0.0002851778408512473,9.791402590053622e-06,3.442011438892223e-05,0.0021922627929598093,0.005155273247510195,0.00012947421055287123,5.286566192808095e-06,4.074892601124702e-08,0.007095081266015768,0.00017296407895628363,9.505551133770496e-06,7.716429536230862e-05,1.7223068482508097e-07,0.11865109205245972
59,27,26,6.692112606287992e-07,0.0024849616456776857,0.0006152309942990541,0.10005684942007065,1.1419945877833015e-07,7.653251827832719e-07,4.385048214317067e-06,0.000314930803142488,3.931168279791564e-09,1.965994670172222e-06,0.0133873475715518,1.103779467825916e-08,0.00036015527439303696,0.009992224164307117,6.122631020843983e-05,2.139062235073652e-05,2.9901792004238814e-05,1.011673975881422e-05,0.024411849677562714,2.0048328224220313e-05,2.0507998215180123e-06,1.8388915390410432e-10,3.150805014229263e-06,6.951531711374415e-11,0.0047674826346337795,0.008893423713743687,0.6168469190597534,0.217399463057518,6.604093716333637e-09,3.700796469274792e-07,3.903107881342294e-06,8.791207073954865e-05,1.070918109746799e-08,1.0050483069790062e-05,1.156881239694485e-06,3.132509140968409e-09,0.00020000594668090343,9.428561497770716e-06,4.7087386434441214e-08,4.405732170198462e-07
60,2,36,6.272591690503759e-08,2.901658913145866e-09,0.021921701729297638,2.7812076950795017e-05,4.179077917054741e-11,3.518527413870487e-10,1.1003339572823734e-08,4.311806467427459e-09,5.76792263018433e-06,1.7157194633909967e-06,1.6921434564665105e-07,2.71288172370987e-07,2.7446691319710226e-07,8.811844054434914e-07,1.9055347577623394e-11,5.351650719798151e-11,3.776026642299257e-05,8.107023385939272e-10,4.7593306362614385e-07,3.950681914943743e-08,8.409989823121578e-05,0.0005300591583363712,8.01860551291611e-06,3.798958717049494e-11,9.563578942106687e-07,0.0013367671053856611,4.095987193863948e-08,0.007305562030524015,0.001504202256910503,1.0839430331088806e-07,1.5673734878873802e-06,1.3461113335111463e-09,6.176153419801267e-07,2.2854876533529023e-06,4.047655966132879e-05,1.0754706153415228e-11,0.9671691060066223,1.101331872632727e-05,3.5388941341807367e-06,4.487155820243061e-06
61,20,32,0.00010933805606327951,2.534955638111569e-05,0.00046664426918141544,6.443161169045197e-07,2.7709088499250356e-06,2.8074924784959876e-07,8.915795888242428e-07,1.6982035333512613e-07,0.0015199236804619431,3.2949934393400326e-05,4.28739713242976e-06,0.0002584322355687618,3.5946941352449358e-06,4.4661982201432693e-07,1.6514985645699198e-06,2.3607876755704638e-06,0.0016615920467302203,6.123376294908667e-08,1.3205571121943649e-05,3.1893014238448814e-05,0.12358295172452927,0.24298761785030365,1.0171497706323862e-05,0.012471675872802734,5.265043228064314e-07,6.123756065790076e-06,1.767715929190672e-07,1.1405637451389339e-05,0.1461389809846878,2.5448724045418203e-05,0.024617956951260567,2.763800353022816e-07,0.29906249046325684,0.010657080449163914,0.06189035251736641,0.00022621810785494745,0.00013315168325789273,8.530447666998953e-05,0.073697030544281,0.00025854710838757455
62,36,36,1.512746194975989e-08,2.5983890039604773e-10,7.566642307210714e-05,5.413788883856796e-08,2.8586474279303914e-14,8.093883636234311e-14,1.8404087975820715e-10,5.213186219515942e-12,1.5307639600337097e-09,1.7272699937009861e-09,3.2119193416058067e-10,2.408750976456986e-11,2.379701102839249e-09,2.9651225919025137e-10,1.0743950217342868e-12,7.371930214709888e-13,5.678757588611916e-07,3.353021934540332e-14,6.533576879519387e-08,1.0512807291362947e-10,4.646103377581312e-07,0.001729081617668271,9.439405701527903e-09,8.678903407575989e-13,4.851689605622767e-10,7.203424502222333e-06,1.8041691474124377e-09,6.27594708930701e-05,0.0019971118308603764,5.2588277482668033e-11,2.3407803695363327e-08,4.634952577992069e-12,8.362934522665455e-08,7.446377026099071e-07,1.178287512004772e-08,2.017480183835827e-14,0.9961258769035339,1.8154061365294183e-08,2.6076372705574613e-07,7.516594568990342e-10
63,17,0,0.40441998839378357,0.012806929647922516,0.0005610540974885225,0.005822311621159315,9.984101779991761e-05,0.0010546197881922126,0.00018860558338928968,0.0039808605797588825,7.103634516170132e-07,0.0010331387165933847,0.0001191782284877263,0.00015618767065461725,0.07358390092849731,5.0393362471368164e-05,0.0001887252292362973,0.3060581088066101,2.6087320293299854e-05,0.0417010597884655,0.009325874038040638,0.09106902778148651,3.678175562527031e-05,1.5248470845108386e-05,5.8817358876694925e-06,0.0026410818099975586,1.640983100514859e-05,3.6489027479547076e-06,0.04153905436396599,0.00029811655986122787,6.393917374225566e-06,7.05281927366741e-05,4.893252844340168e-05,0.0025404547341167927,2.3561120542581193e-05,1.4655279301223345e-07,0.00010682488209567964,4.472577347769402e-05,2.2609379811910912e-05,6.07766596658621e-05,1.7380766337282694e-07,0.0002721124910749495
64,11,11,0.008450745604932308,2.5597928470233455e-05,0.00030202590278349817,0.0006800623959861696,0.006752758286893368,0.00010297496191924438,9.442653208679985e-06,9.042678357218392e-06,0.0011312603019177914,3.138744432362728e-05,3.702261324178835e-07,0.8598360419273376,0.0013936053728684783,0.0007304240134544671,5.839689265485504e-08,4.3797925172839314e-05,0.000193946179933846,0.0016539240023121238,2.453119350320776e-06,3.213275704183616e-05,0.0016001933254301548,6.786978337913752e-05,0.000527546857483685,3.1131705782172503e-06,1.1563026419025846e-05,0.0004492154694162309,0.0014782450161874294,1.6913179933908395e-05,3.16952500725165e-05,0.02377689816057682,0.0190909244120121,4.467385952011682e-05,5.925553523411509e-07,5.592479368488057e-08,0.00021426282182801515,5.857220003235852e-06,9.818168109632097e-06,0.015550388023257256,8.879057844524141e-08,0.055737968534231186
65,19,20,5.911750122322701e-06,2.570085939623823e-07,0.02702515199780464,0.0002871983451768756,4.310403710405808e-06,8.118418577396369e-07,4.250282188422716e-07,9.946146019501612e-05,0.010602268390357494,0.028016256168484688,0.00043857088894583285,0.00013887249224353582,0.00036335806362330914,5.549879915633937e-06,3.1196616419038037e-06,8.569450073991902e-06,0.00031414502882398665,5.3186373406788334e-05,0.0001223175204358995,0.003762300591915846,0.5807824730873108,0.00022642785916104913,0.003714916529133916,0.00023756505106575787,4.145007915212773e-05,1.3567745554610156e-05,6.948254394956166e-06,0.0008763985242694616,0.1814029961824417,0.0031315882224589586,7.20492607797496e-05,4.756593696697564e-08,0.00249442458152771,6.420850695576519e-05,0.14250928163528442,4.2825886339414865e-05,0.0002736049937084317,0.0025014770217239857,0.0015523278852924705,0.008803410455584526
66,27,31,3.490093263280869e-07,0.002047325251623988,6.066490095690824e-05,0.0153595469892025,0.00015923409955576062,8.536483801435679e-05,0.007682576775550842,0.0005874522030353546,6.4792615717124136e-09,8.517790917039747e-08,0.020546915009617805,3.7198148561401467e-07,9.303179103881121e-05,0.017244303598999977,0.03420042619109154,1.2936660596096772e-06,3.2418897717434447e-06,0.00019611456082202494,0.008378390222787857,5.943312544332002e-07,2.4483279403852976e-08,1.9151607383305347e-12,0.00017983024008572102,4.073428538919899e-10,0.005481874570250511,0.0390954352915287,0.3239530920982361,0.13764047622680664,8.829054848336071e-11,2.1232103790680412e-06,0.000112870657176245,0.3864659368991852,4.306540546394899e-08,3.4077224881912116e-06,4.9299394788704376e-08,2.3061431875248672e-06,1.7391264918842353e-05,0.0003978086169809103,6.48638032174631e-10,1.633662805033964e-07
67,22,3,0.0001602983829798177,0.0003397802938707173,0.004808997735381126,0.2890393137931824,0.0063197920098900795,0.0027061437722295523,0.0008294345461763442,0.0010393206030130386,1.9073107978329062e-05,0.00010175022907787934,0.01812325417995453,0.00018059574358630925,0.14292344450950623,0.05317574366927147,0.010473847389221191,0.0008333378355018795,0.0008165929466485977,0.1233718991279602,0.0035470316652208567,0.0015896897530183196,0.00014907513104844838,8.28154433918371e-09,0.010043871589004993,3.480994053006725e-07,0.06648992002010345,0.020635074004530907,0.21885310113430023,0.01112107839435339,7.048549122146142e-08,7.980858936207369e-05,0.0003843327285721898,0.0015256423503160477,5.1428955316623615e-08,6.998150183790131e-07,0.004687156993895769,5.2100753237027675e-05,5.1701266784220934e-05,0.0052507235668599606,5.777125622330459e-08,0.00027591449907049537
68,18,18,8.160015454450331e-07,0.0012512113898992538,2.9838986392860534e-06,0.001535185263492167,6.8440644263034756e-09,9.516157462030606e-08,3.935112090402981e-06,0.0008207233040593565,6.075251968162831e-10,5.798799975309521e-06,0.06726816296577454,8.743854251758165e-11,1.8657381133380113e-06,6.043478606443387e-07,0.0005883355624973774,0.0001091574813472107,5.924083552599768e-07,2.0913038412118112e-08,0.8406599760055542,4.457067916519009e-06,4.8376609385059055e-09,1.0687626339489498e-09,7.933969925488782e-09,7.1029906401065546e-09,2.939354453701526e-05,4.25610460297321e-06,0.06441935151815414,0.022988272830843925,9.189394134523354e-09,7.888886699447539e-08,4.151107475536264e-07,0.0003016043337993324,2.0773845221810916e-07,2.0868390038231155e-06,1.6574274397385125e-08,2.9850215632620802e-09,3.355052626830002e-07,5.304971395503344e-08,5.1029847014660845e-09,1.1530655541491797e-08
69,4,4,0.0001151837786892429,7.231882045743987e-05,0.0019704420119524,0.004475389141589403,0.6262195706367493,0.0022588029969483614,0.004724460653960705,0.00018502956663724035,0.0006628918927162886,0.00012676356709562242,9.839242557063699e-05,0.11100297421216965,0.019523806869983673,0.0034148599952459335,0.00011681381147354841,0.0006225274410098791,0.002515449421480298,0.011878334917128086,3.563082282198593e-05,7.097572961356491e-05,0.0028341657016426325,6.851965395071602e-07,0.10493213683366776,6.892975216032937e-05,0.008792798034846783,0.003225831314921379,0.0036185956560075283,0.0001721955050015822,2.590850453998428e-05,0.0018910127691924572,0.004793485626578331,0.0004608726594597101,1.8929965790448477e-06,5.357293844099331e-07,0.0019148141145706177,0.0006054314435459673,3.945594289689325e-05,0.0062752761878073215,2.664830844878452e-07,0.07025502622127533
70,21,21,1.5292990127296208e-13,1.7866386335337915e-14,1.5823617644048632e-13,1.5387832618158508e-15,6.881922067823218e-22,3.9709870300646756e-19,7.366364300862382e-17,5.2944976469002105e-22,2.2060979463985357e-15,3.458648840416745e-13,1.0065153726825701e-19,7.7002615453837e-18,3.315242949544744e-17,2.8678148374208795e-23,9.530628193277257e-19,1.2781512239457026e-15,1.3894743645589958e-12,6.659582063448783e-23,3.805716999134498e-14,9.164787301450673e-18,6.128129552201642e-14,0.9999998807907104,7.115002827668876e-19,5.604975576549431e-13,2.1160589340919755e-19,3.8432544202596964e-18,7.508464727714678e-19,1.2851664302242016e-16,4.8086969961502746e-09,1.3984260505858934e-20,1.4851005624913483e-12,1.4938518937213922e-18,1.669844124085884e-10,3.8071837349384907e-10,2.064784094027959e-14,2.1993493702099646e-16,6.514889322462025e-11,6.937027122700819e-17,1.508583551412812e-07,2.7363738174229074e-15
71,3,12,7.036420720396563e-05,7.633254426764324e-06,0.03950142115354538,0.0034814877435564995,0.015323328785598278,0.0053122155368328094,0.010494280606508255,6.768876573914895e-06,3.5543664580472978e-06,2.6037987481686287e-05,7.3922615229093935e-06,0.017621953040361404,0.6063559651374817,0.0013569409493356943,0.0004338576691225171,0.0009078323491849005,0.00017701019532978535,0.2828466594219208,6.949107046239078e-05,0.0059804306365549564,0.0031525688245892525,3.9092157066988875e-07,0.0005186469061300159,4.910686470793735e-07,8.645088382763788e-05,9.93915818980895e-05,0.0012538658920675516,0.0002665469946805388,3.7670213259843877e-07,3.44238433171995e-05,0.0007458657491952181,0.00037106324452906847,3.468845477527793e-08,7.371088628360667e-09,0.0030953348614275455,1.8868197003030218e-05,1.8838725736713968e-05,2.3948870875756256e-05,1.9049078758826e-08,0.00032814833684824407
72,8,8,3.5853805457009e-05,6.255339712879504e-07,0.00044289708603173494,4.246339358360274e-06,2.871465403586626e-05,4.437219160990935e-07,0.0005332207074388862,4.4123856923761196e-07,0.7185482978820801,0.0012890007346868515,1.5685100152040832e-05,0.0011946880258619785,6.90537563059479e-05,6.247572309803218e-05,4.658208854380064e-05,3.98254769606865e-06,0.13159246742725372,1.2788499361704453e-06,2.2961165086599067e-05,3.3532831622551384e-08,1.0440481673867907e-05,0.00023752004199195653,0.005248149856925011,1.032817408486153e-06,0.0024755988270044327,0.00044039887143298984,0.0003288448788225651,1.8577652554085944e-06,8.358341574421502e-07,0.00012011174112558365,0.13378527760505676,9.030986802827101e-06,9.870997246252955e-07,2.4656672394485213e-05,1.3528521776606794e-05,0.003376788692548871,8.769354735704837e-07,2.1841269699507393e-05,6.230117833183613e-06,3.0834294193482492e-06
73,38,21,4.182400814567444e-10,9.834562851585016e-12,4.463165514251299e-12,2.4623730246649267e-13,4.8689808946477487e-20,2.011052920331374e-17,2.98433699525921e-15,3.95585006326068e-16,3.63212979386917e-15,3.596738462618987e-10,3.5122085500279105e-17,9.515652832749535e-16,6.2704688650098116e-15,2.9696244109869426e-19,4.012519975416116e-18,8.787588170154625e-13,3.593234876309026e-10,2.3419343086064107e-21,4.0264525654615246e-13,2.6721945545259227e-15,4.678340700947636e-11,0.9982709884643555,7.865222369914332e-17,5.655090173917188e-09,8.43885525023536e-18,6.093422673649428e-16,3.0907419623075647e-16,3.023114256758136e-13,0.0017222316237166524,1.2874394563730483e-17,4.540474712790704e-13,2.7327555970747025e-17,1.9279239040770335e-06,3.1991169713307954e-09,1.0697483345109213e-13,2.8879980089373475e-15,7.989966910315616e-09,2.4341483960844262e-14,4.83775875181891e-06,1.3834682097840778e-12
74,8,9,0.00014861072122585028,4.9998370741377585e-06,0.03114401176571846,0.04982607066631317,0.0009580650948919356,0.000132514993310906,0.0001339679438387975,0.000608661852311343,0.2562936246395111,0.34431734681129456,0.001403454109095037,0.0016363285249099135,0.011150642298161983,0.0011816892074421048,9.241791303793434e-06,0.0001480141218053177,0.021517330780625343,0.0033511940855532885,0.001070943078957498,0.0001395967265125364,0.001904963981360197,5.474439240060747e-05,0.0725218653678894,9.846465900409385e-07,0.06543461978435516,0.014210065826773643,0.0023234738036990166,0.013679626397788525,0.00018105554045177996,0.027797045186161995,0.0071096885949373245,4.665908636525273e-05,1.1343124242557678e-05,2.031654366874136e-05,0.008436440490186214,0.00014511487097479403,0.00040790680213831365,0.009640431962907314,0.0001115628401748836,0.05078580230474472
75,38,38,1.5837977684896032e-07,1.3179429103615803e-08,1.8635093113061885e-07,7.241165889126933e-09,5.626926265970937e-14,8.388962267902311e-13,2.1036786895800574e-11,1.899895518686634e-11,1.528899531422212e-07,3.5964197309112933e-07,1.0277191320184897e-09,5.549259940451634e-10,3.0503761738742696e-09,5.3643246095136377e-11,9.151442624533157e-12,4.897902916578545e-11,1.928893107105978e-05,1.5091558916175557e-13,8.336501267081076e-09,1.6158394622323158e-09,6.1803511925973e-05,0.40883928537368774,1.2489527190240324e-09,8.282164571937756e-07,1.3419666489156157e-09,1.0758968471691333e-07,2.5606017306500917e-10,3.0707670362062345e-07,0.004571931902319193,9.456183058809131e-11,5.341034921002574e-06,2.5897701951688168e-12,0.00011100077244918793,0.0002910499752033502,2.9391105726972455e-07,4.5481149402171184e-10,7.255392119986936e-05,6.70247501943777e-08,0.5860251784324646,4.2155492430140384e-09
76,39,39,0.0005427742726169527,4.627940143109299e-06,0.03004201129078865,0.0003249164728913456,0.0019107740372419357,0.0015534698031842709,0.00024634855799376965,1.3915628187533002e-05,0.0021802473347634077,0.004567103460431099,4.585229817166692e-06,0.14369899034500122,0.009603707119822502,4.706453182734549e-06,2.593915723991813e-06,0.002128657652065158,9.335452341474593e-05,0.11755615472793579,2.9672517484868877e-05,0.01589921861886978,0.008881197310984135,0.002164263743907213,0.0002061218547169119,5.130947829457e-05,8.193973371817265e-06,4.1026855797099415e-06,4.2607778595993295e-05,3.4836095437640324e-05,0.00011573668598430231,0.0003558936878107488,0.001161564840003848,5.1975526730529964e-05,2.6616999093675986e-05,3.786371394198795e-08,0.1328859031200409,4.851915218750946e-05,7.97913598944433e-05,0.0004836732114199549,6.03188311742997e-07,0.5229892134666443
77,4,39,0.00036948308115825057,1.3696811947738752e-05,0.00011758816981455311,0.0004193538916297257,0.2039751261472702,0.003110902849584818,0.00021101799211464822,4.018712934339419e-05,4.261134017724544e-05,2.8682316042250022e-05,2.9128450478310697e-06,0.13555185496807098,0.0008448744774796069,2.7135960408486426e-05,7.724059400970873e-07,0.00047732683015055954,0.00017022037354763597,0.004877069965004921,1.703541784081608e-06,0.0002112028159899637,0.0011258641025051475,1.2135529914303333e-06,0.00031225630664266646,0.00011174668907187879,2.037938429566566e-05,2.4581058823969215e-05,0.0001015410089166835,4.060668288730085e-06,8.015854291443247e-06,0.009590597823262215,0.0003745864669326693,9.700816735858098e-05,4.144135345995892e-06,7.311060201686814e-09,0.004452214110642672,3.0172281185514294e-05,1.4826493952568853e-06,0.0013587642461061478,1.6051027174057708e-08,0.6318874955177307
78,9,9,3.4060138887070934e-07,1.0034301167749504e-09,0.004089798778295517,4.7918529162416235e-05,4.036614598135202e-07,3.7703888011719755e-08,6.78612707361026e-07,9.006080148310502e-08,0.004125927574932575,0.9879136681556702,5.147102744018639e-09,2.3913140466902405e-05,0.0005369842983782291,9.029575664953882e-08,9.85853204626963e-11,7.698205081396736e-06,0.001954314298927784,4.331023228587583e-05,1.3561890455093817e-07,8.722064421817777e-07,1.918113230203744e-05,4.5130423131922726e-06,1.1788023584813345e-05,7.696662196465809e-10,4.0462582546751946e-05,2.0004972611786798e-06,1.0761405974335503e-05,1.597650771145709e-05,2.2515427190228365e-05,1.1149856618430931e-05,1.4234063201001845e-05,1.834910356990349e-08,8.322651900982692e-09,5.934533420237642e-10,8.184199941752013e-06,9.586776172909595e-08,4.321958044783969e-07,9.66980564953701e-07,1.4689436511616805e-06,0.0010900269262492657
79,21,21,4.4422316519687755e-11,6.779631023245969e-11,1.2755683011581032e-12,8.275096509717181e-14,5.291506224955301e-18,1.856537194908663e-18,1.3384513088783231e-14,4.3609368866656995e-17,2.5367959469169143e-11,2.8648001939440837e-12,1.1970872698056217e-14,1.8205408307861133e-15,1.0868505904016845e-14,5.474017654871104e-16,4.163525654208048e-15,2.629601714531477e-15,9.641451192976547e-09,7.972953807760859e-22,5.7264457932471036e-12,2.8804714859262826e-15,8.122815753353052e-10,0.9516341090202332,1.5607014378776762e-13,1.612274203033337e-10,5.581051977987181e-14,4.934793892963363e-11,9.777910326845465e-15,1.114641972471686e-11,2.0760139705089387e-06,7.584513004216297e-16,1.787434769084939e-07,6.427102832890787e-16,2.8197260689921677e-05,0.004768775776028633,1.6385105772176445e-10,3.2630964445258537e-13,9.616338729756535e-07,1.931503730828038e-13,0.04356572404503822,4.592801358953465e-14
